{
  "project_info": {
    "project_number": "480370925510",
    "firebase_url": "https://project1-a331a.firebaseio.com",
    "project_id": "project1-a331a",
    "storage_bucket": "project1-a331a.appspot.com"
  },
  "client": [
    {
      "client_info": {
        "mobilesdk_app_id": "1:480370925510:android:88429ab89f38cbb7",
        "android_client_info": {
          "package_name": "com.example.macstudent.myapplication"
        }
      },
      "oauth_client": [
        {
          "client_id": "480370925510-0rfn0cbtrut5j1l8jdgb4f6r1sd21g0o.apps.googleusercontent.com",
          "client_type": 3
        }
      ],
      "api_key": [
        {
          "current_key": "AIzaSyAjSW1e4wiwMO_rq9Lbctu9AUm5qTU7wmY"
        }
      ],
      "services": {
        "analytics_service": {
          "status": 1
        },
        "appinvite_service": {
          "status": 1,
          "other_platform_oauth_client": []
        },
        "ads_service": {
          "status": 2
        }
      }
    }
  ],
  "configuration_version": "1"
}