{
  "project_info": {
    "project_number": "164302269741",
    "firebase_url": "https://demo1-1f1cf.firebaseio.com",
    "project_id": "demo1-1f1cf",
    "storage_bucket": "demo1-1f1cf.appspot.com"
  },
  "client": [
    {
      "client_info": {
        "mobilesdk_app_id": "1:164302269741:android:f4b9df1d6a72308a",
        "android_client_info": {
          "package_name": "com.example.user.chattingproject"
        }
      },
      "oauth_client": [
        {
          "client_id": "164302269741-jpvet821m95qm73gn7u72reg9dhmt6ob.apps.googleusercontent.com",
          "client_type": 3
        }
      ],
      "api_key": [
        {
          "current_key": "AIzaSyDTmhb9WK2dcDWASnX6DMqRYAA2c21FnsE"
        }
      ],
      "services": {
        "analytics_service": {
          "status": 1
        },
        "appinvite_service": {
          "status": 1,
          "other_platform_oauth_client": []
        },
        "ads_service": {
          "status": 2
        }
      }
    },
    {
      "client_info": {
        "mobilesdk_app_id": "1:164302269741:android:e28c5279acac5f02",
        "android_client_info": {
          "package_name": "com.example.user.mydemo1"
        }
      },
      "oauth_client": [
        {
          "client_id": "164302269741-tp3vaft4ai68sbv4vh9k2bgf86cinr4e.apps.googleusercontent.com",
          "client_type": 1,
          "android_info": {
            "package_name": "com.example.user.mydemo1",
            "certificate_hash": "cd550a472e5abe716a020a479ec54f28688d86b3"
          }
        },
        {
          "client_id": "164302269741-jpvet821m95qm73gn7u72reg9dhmt6ob.apps.googleusercontent.com",
          "client_type": 3
        }
      ],
      "api_key": [
        {
          "current_key": "AIzaSyDTmhb9WK2dcDWASnX6DMqRYAA2c21FnsE"
        }
      ],
      "services": {
        "analytics_service": {
          "status": 1
        },
        "appinvite_service": {
          "status": 2,
          "other_platform_oauth_client": [
            {
              "client_id": "164302269741-jpvet821m95qm73gn7u72reg9dhmt6ob.apps.googleusercontent.com",
              "client_type": 3
            }
          ]
        },
        "ads_service": {
          "status": 2
        }
      }
    }
  ],
  "configuration_version": "1"
}